code,cases,deaths,IFR
AF,8447265.0,183683.0,0.021744671204230008
AM,115116450.0,1785615.0,0.015511379998253942
AS,114553112.0,977548.0,0.008533578729838434
EU,181227687.0,1331189.0,0.00734539529823608
OC,8462017.0,11386.0,0.001345542085297158
